{"train loss": 0.03606560453772545, "_timestamp": 1686619904.852624, "_runtime": 128.2347059249878, "_step": 162, "learning rate": 0.000996, "validation dice": 0.0007962826639413834, "dice score per classes": [2.082837653460956e-07, 1.0089524948853068e-07, 6.153900500294185e-08, 3.300886817214632e-07, 1.675935408229634e-07, 0.011073023080825806, 4.605792014444887e-08, 2.8338772040115146e-07, 1.3169896817544213e-07, 6.861362322752029e-08, 5.0337813917167296e-08, 2.889705115194374e-07, 1.4948507498502295e-07, 8.106133009277983e-08, 6.729830914764534e-08, 4.1962547925322724e-07, 2.634577924709447e-07, 1.1612504380309474e-07, 6.659863061031501e-08, 1.7356884995933797e-07, 2.8335782076283067e-07, 1.0565179309196537e-07, 1.4319967078790796e-07, 1.5898994831786695e-07, 1.9910001469725103e-07, 2.2702442947775126e-07, 3.8814437175460625e-07, 2.178065905411586e-08, 0.012014569714665413], "_wandb": {"runtime": 137}}