{"train loss": 0.12940002977848053, "_timestamp": 1686620456.8509512, "_runtime": 60.380123138427734, "_step": 80, "learning rate": 0.000998, "_wandb": {"runtime": 79}}