{"train loss": 0.1295664757490158, "_timestamp": 1686621371.7147715, "_runtime": 58.8245964050293, "_step": 80, "learning rate": 0.000998, "_wandb": {"runtime": 78}}