{"train loss": 0.013444147072732449, "_timestamp": 1686620353.3326585, "_runtime": 409.23354744911194, "_step": 490, "learning rate": 0.0009879999999999997, "validation dice": 0.11305172741413116, "dice score per classes": "finger-1    : 0.0003\nfinger-2    : 0.1680\nfinger-3    : 0.1163\nfinger-4    : 0.0000\nfinger-5    : 0.0687\nfinger-6    : 0.2427\nfinger-7    : 0.2644\nfinger-8    : 0.0000\nfinger-9    : 0.0688\nfinger-10   : 0.2338\nfinger-11   : 0.2990\nfinger-12   : 0.0000\nfinger-13   : 0.1134\nfinger-14   : 0.1884\nfinger-15   : 0.1850\nfinger-16   : 0.0000\nfinger-17   : 0.0675\nfinger-18   : 0.1644\nfinger-19   : 0.1778\nTrapezium   : 0.0000\nTrapezoid   : 0.0000\nCapitate    : 0.0001\nHamate      : 0.0000\nScaphoid    : 0.0000\nLunate      : 0.0000\nTriquetrum  : 0.0000\nPisiform    : 0.0000\nRadius      : 0.5010\nUlna        : 0.4189", "_wandb": {"runtime": 416}}